{"loss": [1.6299631595611572, 1.568607211112976, 1.541370153427124, 1.515579342842102, 1.4914478063583374, 1.4677517414093018, 1.4454872608184814, 1.4250366687774658, 1.4039591550827026, 1.3844187259674072, 1.3652602434158325, 1.347042202949524, 1.329620361328125, 1.3120917081832886, 1.295954704284668, 1.2799299955368042, 1.2641557455062866, 1.2494456768035889, 1.235050916671753, 1.221567153930664, 1.2078081369400024, 1.1952717304229736, 1.181311011314392, 1.1687440872192383, 1.155920386314392, 1.1436394453048706, 1.1322288513183594, 1.1205493211746216, 1.1089131832122803, 1.0976641178131104, 1.086753249168396, 1.0759536027908325, 1.0652505159378052, 1.0546139478683472, 1.044406771659851], "accuracy": [0.17152075469493866, 0.4050748348236084, 0.5395882725715637, 0.6370705366134644, 0.6952650547027588, 0.7553136944770813, 0.7870789766311646, 0.786393404006958, 0.8153636455535889, 0.8261422514915466, 0.8407977223396301, 0.8508350253105164, 0.8567497134208679, 0.8661485314369202, 0.870420515537262, 0.8741424679756165, 0.8863743543624878, 0.8895594477653503, 0.893095850944519, 0.8848686814308167, 0.8899010419845581, 0.8811947703361511, 0.8996482491493225, 0.90191251039505, 0.912663459777832, 0.9163116216659546, 0.9132167100906372, 0.9169111847877502, 0.9231521487236023, 0.9275618195533752, 0.9238836169242859, 0.9255670309066772, 0.9278386831283569, 0.9296919703483582, 0.9270969033241272], "val_loss": [1.5844351053237915, 1.5462253093719482, 1.5275020599365234, 1.5039737224578857, 1.4891661405563354, 1.4639939069747925, 1.449594259262085, 1.4226441383361816, 1.4071534872055054, 1.3861665725708008, 1.3739960193634033, 1.3446813821792603, 1.3320835828781128, 1.3037391901016235, 1.2927650213241577, 1.2758249044418335, 1.260062575340271, 1.2481632232666016, 1.2279409170150757, 1.214525580406189, 1.2016029357910156, 1.1845967769622803, 1.1719549894332886, 1.1635392904281616, 1.1450756788253784, 1.1424508094787598, 1.1226638555526733, 1.1104719638824463, 1.09907865524292, 1.0904487371444702, 1.076993703842163, 1.0688002109527588, 1.06221604347229, 1.0498088598251343, 1.0448232889175415], "val_accuracy": [0.2861062288284302, 0.47702816128730774, 0.6423646211624146, 0.7396637797355652, 0.7276411652565002, 0.822056233882904, 0.8506419658660889, 0.8222484588623047, 0.8273440003395081, 0.8198738694190979, 0.8658738732337952, 0.880703866481781, 0.8768040537834167, 0.8835326433181763, 0.8741156458854675, 0.8597513437271118, 0.8948978185653687, 0.8909716606140137, 0.8349858522415161, 0.8727288842201233, 0.8787333965301514, 0.9061470627784729, 0.8710487484931946, 0.8887147903442383, 0.9057770371437073, 0.9076634645462036, 0.9041567444801331, 0.8957228660583496, 0.8998868465423584, 0.8772774934768677, 0.9138172268867493, 0.8912463784217834, 0.9152182936668396, 0.8896263837814331, 0.9149600863456726]}